layout_id,seed,red_cube_x,red_cube_y,red_cube_z,red_cube_yaw_deg,red_cylinder_x,red_cylinder_y,red_cylinder_z,red_cylinder_yaw_deg,blue_cube_x,blue_cube_y,blue_cube_z,blue_cube_yaw_deg
0,0,0.32604,0.03199,0.02000,65.655,0.26698,0.13052,0.02500,0.000,0.18656,-0.14504,0.02000,73.194
1,0,0.31811,0.01244,0.02000,26.974,0.29674,-0.09730,0.02500,0.000,0.18044,0.10722,0.02000,3.023
2,0,0.18453,-0.11272,0.02000,60.356,0.33955,0.14425,0.02500,0.000,0.28355,0.03462,0.02000,34.531
3,0,0.28407,0.05653,0.02000,35.003,0.33487,-0.14559,0.02500,0.000,0.26406,-0.05693,0.02000,43.725
4,0,0.21718,0.09056,0.02000,83.118,0.31158,-0.00600,0.02500,0.000,0.33699,0.13716,0.02000,13.389
5,0,0.26623,-0.01717,0.02000,83.792,0.21614,-0.11263,0.02500,0.000,0.18648,0.06960,0.02000,55.294
6,0,0.32559,-0.13708,0.02000,74.044,0.28024,0.13772,0.02500,0.000,0.27378,0.01623,0.02000,72.874
7,0,0.31277,-0.14701,0.02000,32.854,0.19258,0.04578,0.02500,0.000,0.25822,0.14294,0.02000,69.812
8,0,0.33335,0.12771,0.02000,67.342,0.22317,0.10894,0.02500,0.000,0.32101,0.00321,0.02000,30.987
9,0,0.21954,-0.10763,0.02000,60.306,0.26416,0.00703,0.02500,0.000,0.24329,0.12308,0.02000,50.526
10,0,0.30362,0.14348,0.02000,53.088,0.23115,-0.09375,0.02500,0.000,0.33711,0.02142,0.02000,0.577
11,0,0.33399,-0.12832,0.02000,44.998,0.25557,0.12379,0.02500,0.000,0.21122,0.02331,0.02000,54.202
12,0,0.28145,-0.00103,0.02000,14.719,0.32645,-0.11178,0.02500,0.000,0.19177,-0.12890,0.02000,78.197
13,0,0.23088,0.06326,0.02000,41.432,0.32619,-0.13042,0.02500,0.000,0.30815,-0.00562,0.02000,73.218
14,0,0.32040,-0.12396,0.02000,63.758,0.25769,-0.02321,0.02500,0.000,0.23209,0.14821,0.02000,70.307
15,0,0.19802,-0.02792,0.02000,0.027,0.29910,0.10556,0.02500,0.000,0.30787,-0.05331,0.02000,71.698
16,0,0.27131,-0.12185,0.02000,35.224,0.31501,-0.02277,0.02500,0.000,0.29261,0.09633,0.02000,88.365
17,0,0.25619,-0.02144,0.02000,38.136,0.32940,0.05522,0.02500,0.000,0.27333,-0.13793,0.02000,64.034
18,0,0.20736,-0.03250,0.02000,67.774,0.31215,0.00965,0.02500,0.000,0.31012,0.14910,0.02000,31.550
19,0,0.21050,0.10888,0.02000,50.797,0.27414,-0.11179,0.02500,0.000,0.21189,0.00365,0.02000,2.161
20,0,0.21559,0.01732,0.02000,1.093,0.29139,-0.10904,0.02500,0.000,0.32135,0.08677,0.02000,50.115
21,0,0.22098,-0.12820,0.02000,1.610,0.27360,-0.00702,0.02500,0.000,0.29455,0.12033,0.02000,30.757
22,0,0.25233,-0.03160,0.02000,20.908,0.29612,-0.12516,0.02500,0.000,0.21058,0.14266,0.02000,9.673
23,0,0.18650,-0.09179,0.02000,85.052,0.26317,-0.02198,0.02500,0.000,0.20601,0.10562,0.02000,73.992
24,0,0.25469,0.09720,0.02000,61.262,0.31165,-0.09628,0.02500,0.000,0.19516,-0.14853,0.02000,29.063
25,0,0.32216,0.03945,0.02000,32.073,0.26453,-0.08205,0.02500,0.000,0.22235,0.09921,0.02000,15.580
26,0,0.20721,0.02316,0.02000,48.231,0.29131,-0.09136,0.02500,0.000,0.33549,0.05135,0.02000,47.809
27,0,0.18772,-0.09053,0.02000,57.266,0.27015,0.13097,0.02500,0.000,0.25784,-0.00722,0.02000,23.245
28,0,0.18194,-0.00510,0.02000,16.444,0.26096,0.09465,0.02500,0.000,0.27707,-0.09252,0.02000,10.588
29,0,0.26015,-0.09499,0.02000,26.633,0.21977,0.13029,0.02500,0.000,0.33371,0.03116,0.02000,46.364
30,0,0.25752,0.14985,0.02000,69.843,0.30195,0.03425,0.02500,0.000,0.20288,-0.14588,0.02000,39.050
31,0,0.30479,0.11053,0.02000,28.440,0.22153,-0.10431,0.02500,0.000,0.31796,-0.06881,0.02000,60.602
32,0,0.28055,0.11863,0.02000,15.299,0.30915,-0.14322,0.02500,0.000,0.20397,-0.11343,0.02000,6.880
33,0,0.28564,-0.12457,0.02000,52.371,0.22509,0.12806,0.02500,0.000,0.21464,-0.04323,0.02000,20.051
34,0,0.30729,0.02656,0.02000,11.752,0.25562,0.11864,0.02500,0.000,0.19340,-0.05308,0.02000,83.480
35,0,0.23075,0.11696,0.02000,23.914,0.18106,-0.09515,0.02500,0.000,0.30082,-0.00446,0.02000,63.783
36,0,0.24054,-0.11431,0.02000,38.426,0.20301,0.07467,0.02500,0.000,0.28700,-0.02119,0.02000,12.309
37,0,0.29713,0.00785,0.02000,41.794,0.23690,0.12454,0.02500,0.000,0.29999,-0.10082,0.02000,62.037
38,0,0.27627,0.08686,0.02000,16.866,0.19874,-0.07580,0.02500,0.000,0.30902,-0.01469,0.02000,78.914
39,0,0.31159,-0.09804,0.02000,76.634,0.25907,-0.00826,0.02500,0.000,0.24412,0.14113,0.02000,6.427
40,0,0.24719,0.13868,0.02000,41.297,0.25607,-0.11104,0.02500,0.000,0.29607,-0.00723,0.02000,13.429
41,0,0.29795,0.10812,0.02000,80.133,0.26161,-0.10396,0.02500,0.000,0.21611,-0.01394,0.02000,76.667
42,0,0.31395,-0.14564,0.02000,64.640,0.33724,-0.02138,0.02500,0.000,0.22387,0.07678,0.02000,39.190
43,0,0.27558,0.10753,0.02000,42.000,0.21194,0.01848,0.02500,0.000,0.25984,-0.09035,0.02000,83.656
44,0,0.26382,0.13690,0.02000,64.495,0.20125,0.00505,0.02500,0.000,0.30836,-0.11329,0.02000,11.199
45,0,0.24647,-0.09520,0.02000,70.387,0.27058,0.14347,0.02500,0.000,0.30640,-0.01050,0.02000,65.773
46,0,0.21195,-0.13968,0.02000,88.833,0.27052,0.04380,0.02500,0.000,0.31078,-0.11289,0.02000,76.317
47,0,0.32601,0.08240,0.02000,17.718,0.21957,0.08178,0.02500,0.000,0.25517,-0.05223,0.02000,66.087
48,0,0.27529,-0.04327,0.02000,66.261,0.27762,-0.14578,0.02500,0.000,0.19337,0.04739,0.02000,64.494
49,0,0.30144,-0.12738,0.02000,34.154,0.25515,0.14765,0.02500,0.000,0.24548,-0.01828,0.02000,89.577
50,0,0.32129,0.02266,0.02000,38.216,0.22037,0.09708,0.02500,0.000,0.23936,-0.04971,0.02000,36.502
51,0,0.20007,0.12272,0.02000,36.305,0.21396,-0.11098,0.02500,0.000,0.31125,0.11861,0.02000,20.370
52,0,0.20885,0.08189,0.02000,1.387,0.27026,-0.09262,0.02500,0.000,0.30952,0.12225,0.02000,67.738
53,0,0.18061,0.04979,0.02000,69.065,0.22022,-0.08707,0.02500,0.000,0.28019,-0.00092,0.02000,16.855
54,0,0.26271,0.11669,0.02000,33.008,0.32118,0.01487,0.02500,0.000,0.18392,0.04748,0.02000,37.013
55,0,0.26078,-0.12440,0.02000,40.408,0.33056,0.01518,0.02500,0.000,0.22659,0.00837,0.02000,76.798
56,0,0.26820,-0.09786,0.02000,34.758,0.30229,0.07912,0.02500,0.000,0.18004,-0.00524,0.02000,54.720
57,0,0.28503,-0.14598,0.02000,14.620,0.21874,0.09120,0.02500,0.000,0.31445,-0.03368,0.02000,73.280
58,0,0.19694,0.10661,0.02000,32.115,0.30282,-0.12613,0.02500,0.000,0.28889,0.06187,0.02000,61.268
59,0,0.26056,0.03800,0.02000,6.925,0.30317,-0.11298,0.02500,0.000,0.18792,-0.07008,0.02000,5.959
60,0,0.28671,0.06773,0.02000,50.688,0.26844,-0.09485,0.02500,0.000,0.19188,0.12501,0.02000,13.386
61,0,0.20165,-0.11603,0.02000,47.002,0.27810,0.11329,0.02500,0.000,0.31470,-0.02459,0.02000,35.322
62,0,0.24066,-0.07303,0.02000,27.616,0.32507,-0.14599,0.02500,0.000,0.26973,0.08861,0.02000,39.701
63,0,0.20132,0.09983,0.02000,61.820,0.27507,0.01177,0.02500,0.000,0.31960,0.13807,0.02000,3.074
64,0,0.20640,0.01195,0.02000,54.892,0.27694,-0.14500,0.02500,0.000,0.30541,-0.03480,0.02000,9.599
65,0,0.18805,-0.06934,0.02000,33.213,0.29247,-0.08798,0.02500,0.000,0.28182,0.10237,0.02000,25.811
66,0,0.29236,0.09535,0.02000,22.162,0.18902,-0.07888,0.02500,0.000,0.32240,-0.04958,0.02000,55.492
67,0,0.18508,-0.00059,0.02000,29.781,0.23559,0.13782,0.02500,0.000,0.32043,0.04726,0.02000,54.655
68,0,0.29293,0.05853,0.02000,39.437,0.19414,-0.05847,0.02500,0.000,0.31355,-0.05286,0.02000,56.087
69,0,0.23632,-0.13781,0.02000,88.467,0.32905,-0.05369,0.02500,0.000,0.23556,0.01894,0.02000,87.845
70,0,0.29156,-0.14914,0.02000,70.549,0.33391,0.06824,0.02500,0.000,0.22172,-0.00236,0.02000,70.439
71,0,0.27869,0.02838,0.02000,9.496,0.19651,0.14892,0.02500,0.000,0.29339,-0.08823,0.02000,83.395
72,0,0.21841,0.14241,0.02000,7.293,0.31010,-0.10835,0.02500,0.000,0.25389,0.01984,0.02000,2.447
73,0,0.18071,-0.14013,0.02000,89.105,0.25337,-0.05690,0.02500,0.000,0.23968,0.11494,0.02000,30.076
74,0,0.18653,0.03780,0.02000,49.648,0.32992,-0.03109,0.02500,0.000,0.21752,-0.09781,0.02000,34.981
75,0,0.18236,-0.10848,0.02000,72.730,0.33504,0.11190,0.02500,0.000,0.23314,0.01775,0.02000,4.994
76,0,0.18572,0.09384,0.02000,30.312,0.18606,-0.11559,0.02500,0.000,0.29887,0.08705,0.02000,86.862
77,0,0.25062,-0.02811,0.02000,53.051,0.29503,0.12795,0.02500,0.000,0.33969,-0.12637,0.02000,63.652
78,0,0.32312,0.11183,0.02000,25.087,0.24501,0.00243,0.02500,0.000,0.33515,-0.07033,0.02000,59.445
79,0,0.33159,-0.09515,0.02000,75.118,0.33301,0.11691,0.02500,0.000,0.20347,0.11110,0.02000,45.471
80,0,0.23433,0.12566,0.02000,64.115,0.27390,-0.10264,0.02500,0.000,0.33156,0.04486,0.02000,33.168
81,0,0.32870,-0.05270,0.02000,28.796,0.18476,0.06027,0.02500,0.000,0.19728,-0.13540,0.02000,59.046
82,0,0.31780,-0.14636,0.02000,17.473,0.33602,0.02262,0.02500,0.000,0.19027,0.07795,0.02000,20.579
83,0,0.18848,0.14895,0.02000,38.147,0.18076,-0.02729,0.02500,0.000,0.28893,-0.10381,0.02000,28.653
84,0,0.29012,0.14691,0.02000,8.244,0.22564,-0.10733,0.02500,0.000,0.20644,0.09051,0.02000,57.275
85,0,0.22582,0.09132,0.02000,16.876,0.23835,-0.02158,0.02500,0.000,0.32614,0.09385,0.02000,7.647
86,0,0.23125,0.12393,0.02000,53.877,0.25091,-0.13336,0.02500,0.000,0.30661,-0.00878,0.02000,49.840
87,0,0.26823,0.03553,0.02000,73.011,0.18190,-0.13428,0.02500,0.000,0.27305,-0.08960,0.02000,87.294
88,0,0.27170,0.08623,0.02000,6.323,0.33387,-0.14911,0.02500,0.000,0.23109,-0.03625,0.02000,80.949
89,0,0.28862,-0.08460,0.02000,59.729,0.22735,0.14511,0.02500,0.000,0.20619,0.00573,0.02000,86.238
90,0,0.21980,0.12235,0.02000,0.726,0.24030,0.00245,0.02500,0.000,0.33700,-0.10521,0.02000,20.793
91,0,0.30279,0.12187,0.02000,35.384,0.21563,-0.08760,0.02500,0.000,0.30049,0.00391,0.02000,1.939
92,0,0.19180,0.14198,0.02000,51.546,0.24523,-0.07130,0.02500,0.000,0.28887,0.03146,0.02000,40.561
93,0,0.25793,0.10075,0.02000,14.829,0.30234,-0.05159,0.02500,0.000,0.20330,-0.07942,0.02000,77.420
94,0,0.31766,-0.03358,0.02000,53.987,0.21164,0.02959,0.02500,0.000,0.33376,0.10357,0.02000,73.504
95,0,0.18537,-0.04554,0.02000,75.297,0.19635,0.10801,0.02500,0.000,0.29766,-0.00325,0.02000,10.219
96,0,0.21658,0.03829,0.02000,10.747,0.32536,0.08432,0.02500,0.000,0.20381,-0.11692,0.02000,15.603
97,0,0.32176,0.11908,0.02000,69.170,0.33513,-0.05192,0.02500,0.000,0.18829,0.12249,0.02000,51.918
98,0,0.30415,-0.05355,0.02000,85.681,0.22394,0.06905,0.02500,0.000,0.23580,-0.14741,0.02000,27.815
99,0,0.19999,-0.03813,0.02000,58.394,0.27697,0.05131,0.02500,0.000,0.26386,-0.14116,0.02000,85.402
100,0,0.32217,0.12473,0.02000,51.664,0.31520,-0.06168,0.02500,0.000,0.19755,-0.06647,0.02000,73.455
101,0,0.32851,-0.03625,0.02000,88.833,0.21971,-0.06143,0.02500,0.000,0.22147,0.08745,0.02000,34.131
102,0,0.18439,-0.10594,0.02000,73.293,0.23250,-0.00657,0.02500,0.000,0.23806,0.13184,0.02000,58.245
103,0,0.28029,0.13440,0.02000,83.740,0.18079,0.07853,0.02500,0.000,0.24749,-0.11666,0.02000,37.757
104,0,0.19024,0.07572,0.02000,25.141,0.30531,0.02156,0.02500,0.000,0.26000,-0.07522,0.02000,29.361
105,0,0.33635,-0.11678,0.02000,44.287,0.18488,-0.02825,0.02500,0.000,0.25865,0.10689,0.02000,60.979
106,0,0.32603,0.10226,0.02000,8.516,0.20949,-0.13643,0.02500,0.000,0.20814,0.04522,0.02000,18.140
107,0,0.25869,0.09657,0.02000,16.087,0.19578,-0.13826,0.02500,0.000,0.21332,-0.01950,0.02000,15.050
108,0,0.24997,0.01520,0.02000,24.544,0.29893,0.14229,0.02500,0.000,0.24931,-0.11019,0.02000,89.247
109,0,0.18495,-0.08471,0.02000,64.340,0.19842,0.13201,0.02500,0.000,0.31474,-0.01691,0.02000,39.023
110,0,0.21528,-0.13483,0.02000,74.109,0.33868,-0.14350,0.02500,0.000,0.25374,0.01364,0.02000,26.060
111,0,0.30004,-0.03366,0.02000,5.182,0.25149,-0.14740,0.02500,0.000,0.20009,0.10795,0.02000,64.849
112,0,0.19578,0.12415,0.02000,0.755,0.28912,0.05772,0.02500,0.000,0.27203,-0.08169,0.02000,59.682
113,0,0.26290,-0.11344,0.02000,67.434,0.20509,-0.00990,0.02500,0.000,0.32509,0.06221,0.02000,32.416
114,0,0.18537,0.14073,0.02000,50.589,0.19305,-0.05353,0.02500,0.000,0.30517,-0.08285,0.02000,30.277
115,0,0.22980,-0.12974,0.02000,45.474,0.32340,-0.04008,0.02500,0.000,0.18961,0.12537,0.02000,25.156
116,0,0.32292,0.09215,0.02000,12.199,0.20658,0.06671,0.02500,0.000,0.32617,-0.02736,0.02000,82.313
117,0,0.18753,-0.12074,0.02000,25.221,0.30115,-0.07660,0.02500,0.000,0.19548,0.07363,0.02000,64.297
118,0,0.24809,-0.06779,0.02000,48.141,0.22448,0.11470,0.02500,0.000,0.18215,0.00823,0.02000,38.848
119,0,0.32240,-0.04708,0.02000,50.860,0.20089,-0.13427,0.02500,0.000,0.20164,0.04705,0.02000,19.341
120,0,0.19195,-0.14065,0.02000,34.135,0.25713,-0.01533,0.02500,0.000,0.31871,-0.10966,0.02000,0.476
121,0,0.33047,-0.03213,0.02000,56.544,0.29467,-0.12697,0.02500,0.000,0.21678,0.06308,0.02000,76.649
122,0,0.22894,0.14905,0.02000,9.800,0.19323,-0.00463,0.02500,0.000,0.26340,-0.08386,0.02000,58.932
123,0,0.29261,0.14684,0.02000,50.186,0.32622,-0.14310,0.02500,0.000,0.27341,-0.01969,0.02000,54.081
124,0,0.18828,0.04811,0.02000,8.687,0.33637,0.01380,0.02500,0.000,0.33683,-0.10816,0.02000,60.364
125,0,0.18715,-0.06123,0.02000,8.767,0.28926,0.12093,0.02500,0.000,0.29332,-0.00920,0.02000,2.726
126,0,0.20685,0.13075,0.02000,69.701,0.24123,0.02290,0.02500,0.000,0.32944,-0.13645,0.02000,87.857
127,0,0.24431,0.11786,0.02000,49.571,0.33488,-0.01741,0.02500,0.000,0.20769,-0.01852,0.02000,52.712
128,0,0.18531,0.13190,0.02000,41.267,0.22315,-0.09256,0.02500,0.000,0.26807,0.06212,0.02000,57.891
129,0,0.24735,0.07831,0.02000,54.591,0.26922,-0.08667,0.02500,0.000,0.33914,0.02725,0.02000,37.839
130,0,0.28136,0.06607,0.02000,36.716,0.27754,-0.06310,0.02500,0.000,0.20169,-0.13776,0.02000,40.009
131,0,0.18006,-0.13742,0.02000,46.989,0.28672,0.03291,0.02500,0.000,0.29879,-0.08998,0.02000,78.088
132,0,0.32053,0.00759,0.02000,28.455,0.27261,-0.11072,0.02500,0.000,0.19283,0.01948,0.02000,35.403
133,0,0.25517,-0.10922,0.02000,24.041,0.23710,0.13217,0.02500,0.000,0.33691,0.06206,0.02000,65.098
134,0,0.18298,-0.01964,0.02000,82.941,0.31964,0.05270,0.02500,0.000,0.32523,-0.06562,0.02000,70.173
135,0,0.32102,0.13007,0.02000,57.759,0.24745,-0.09620,0.02500,0.000,0.27732,0.00531,0.02000,35.992
136,0,0.21364,0.02807,0.02000,87.653,0.27787,0.12740,0.02500,0.000,0.26274,-0.10082,0.02000,7.355
137,0,0.32718,0.00708,0.02000,6.839,0.28601,0.09845,0.02500,0.000,0.22584,-0.01186,0.02000,25.511
138,0,0.31644,0.05356,0.02000,48.351,0.18155,0.05820,0.02500,0.000,0.31257,-0.07621,0.02000,60.674
139,0,0.32863,-0.13739,0.02000,77.669,0.24722,0.11525,0.02500,0.000,0.25023,-0.07394,0.02000,2.817
140,0,0.23361,0.04402,0.02000,69.798,0.32324,-0.05589,0.02500,0.000,0.20260,-0.12467,0.02000,21.381
141,0,0.32503,0.03538,0.02000,81.578,0.21888,0.12702,0.02500,0.000,0.22682,-0.12175,0.02000,32.915
142,0,0.18452,0.11249,0.02000,41.194,0.29911,0.00814,0.02500,0.000,0.18232,-0.10883,0.02000,73.567
143,0,0.30010,0.04954,0.02000,71.170,0.30189,-0.13057,0.02500,0.000,0.18672,-0.12402,0.02000,15.690
144,0,0.32859,0.01063,0.02000,63.359,0.33633,0.12807,0.02500,0.000,0.26572,-0.12984,0.02000,4.295
145,0,0.33362,-0.02007,0.02000,72.848,0.19305,0.13598,0.02500,0.000,0.23638,-0.07518,0.02000,42.017
146,0,0.25382,-0.00973,0.02000,56.010,0.21173,0.13342,0.02500,0.000,0.23927,-0.11252,0.02000,48.754
147,0,0.30812,0.05721,0.02000,53.994,0.18247,-0.02323,0.02500,0.000,0.23455,0.13069,0.02000,40.180
148,0,0.21010,-0.05325,0.02000,87.978,0.24976,0.10234,0.02500,0.000,0.28096,-0.14554,0.02000,48.525
149,0,0.32502,-0.01049,0.02000,64.087,0.22459,0.03468,0.02500,0.000,0.32612,0.10951,0.02000,31.806
150,0,0.22054,0.08670,0.02000,34.833,0.32104,0.14968,0.02500,0.000,0.19089,-0.06576,0.02000,14.330
151,0,0.30137,-0.00193,0.02000,74.151,0.26725,-0.10440,0.02500,0.000,0.27869,0.09620,0.02000,10.684
152,0,0.25704,-0.09678,0.02000,73.776,0.25191,0.14677,0.02500,0.000,0.26349,0.03236,0.02000,35.889
153,0,0.33697,0.07503,0.02000,82.015,0.24539,0.12475,0.02500,0.000,0.27254,-0.04235,0.02000,68.128
154,0,0.20160,0.13279,0.02000,17.490,0.22913,-0.14512,0.02500,0.000,0.30727,0.02817,0.02000,36.612
155,0,0.31681,-0.13262,0.02000,75.391,0.27008,0.08052,0.02500,0.000,0.21087,-0.01796,0.02000,1.728
156,0,0.21012,0.01486,0.02000,19.194,0.31171,0.09471,0.02500,0.000,0.33536,-0.06325,0.02000,53.271
157,0,0.25997,0.11206,0.02000,63.758,0.21975,-0.09549,0.02500,0.000,0.33677,-0.01636,0.02000,13.702
158,0,0.33036,-0.10588,0.02000,75.511,0.24113,0.01045,0.02500,0.000,0.29928,0.10847,0.02000,35.424
159,0,0.31180,0.10111,0.02000,37.634,0.21477,-0.02409,0.02500,0.000,0.30997,-0.11441,0.02000,60.195
160,0,0.20501,-0.03411,0.02000,3.370,0.31922,-0.04417,0.02500,0.000,0.33399,0.05951,0.02000,31.905
161,0,0.20777,-0.01178,0.02000,11.641,0.27014,0.08415,0.02500,0.000,0.27829,-0.08946,0.02000,3.480
162,0,0.20339,0.10186,0.02000,26.131,0.27996,-0.02325,0.02500,0.000,0.28740,-0.13530,0.02000,16.168
163,0,0.29717,0.13850,0.02000,80.534,0.30545,-0.06593,0.02500,0.000,0.18603,-0.01143,0.02000,17.179
164,0,0.20037,-0.00133,0.02000,49.273,0.27153,0.08635,0.02500,0.000,0.30338,-0.06216,0.02000,40.254
165,0,0.25539,-0.11098,0.02000,60.220,0.19625,0.02018,0.02500,0.000,0.25743,0.12522,0.02000,69.666
166,0,0.20902,-0.07712,0.02000,18.758,0.22596,0.08061,0.02500,0.000,0.33865,0.00960,0.02000,0.233
167,0,0.26733,-0.02709,0.02000,41.075,0.32897,0.09076,0.02500,0.000,0.20140,0.14153,0.02000,74.116
168,0,0.20345,0.02109,0.02000,28.711,0.19684,-0.12145,0.02500,0.000,0.31383,0.03233,0.02000,77.053
169,0,0.21827,0.06217,0.02000,16.105,0.19810,-0.05257,0.02500,0.000,0.33665,0.03873,0.02000,29.808
170,0,0.18210,-0.12610,0.02000,73.091,0.31757,-0.11346,0.02500,0.000,0.21837,0.04266,0.02000,85.597
171,0,0.26262,-0.13547,0.02000,66.926,0.21601,-0.04289,0.02500,0.000,0.22886,0.14847,0.02000,62.298
172,0,0.31331,-0.02619,0.02000,61.352,0.26102,-0.12515,0.02500,0.000,0.26307,0.13945,0.02000,22.136
173,0,0.32816,0.04730,0.02000,42.849,0.28768,-0.04988,0.02500,0.000,0.26874,0.14954,0.02000,19.383
174,0,0.31128,0.11047,0.02000,30.412,0.25222,-0.04986,0.02500,0.000,0.21810,0.04809,0.02000,68.621
175,0,0.33493,-0.01737,0.02000,49.694,0.19414,-0.06418,0.02500,0.000,0.25447,0.12516,0.02000,2.108
176,0,0.19834,-0.02085,0.02000,62.334,0.30804,0.04740,0.02500,0.000,0.26888,0.14132,0.02000,1.048
177,0,0.21259,-0.13966,0.02000,56.535,0.24835,0.02306,0.02500,0.000,0.31995,0.10415,0.02000,71.749
178,0,0.26078,-0.14708,0.02000,70.516,0.26883,0.13612,0.02500,0.000,0.24689,-0.01529,0.02000,0.828
179,0,0.30819,-0.11526,0.02000,35.977,0.19712,-0.12348,0.02500,0.000,0.22115,0.06052,0.02000,46.118
180,0,0.31320,-0.04921,0.02000,52.984,0.23185,0.04401,0.02500,0.000,0.31066,0.14500,0.02000,78.155
181,0,0.33811,-0.13067,0.02000,53.749,0.18185,-0.12188,0.02500,0.000,0.20392,0.14464,0.02000,60.068
182,0,0.18798,-0.01949,0.02000,71.700,0.31803,0.06185,0.02500,0.000,0.25209,-0.14018,0.02000,32.819
183,0,0.33015,0.13538,0.02000,1.064,0.24423,0.06068,0.02500,0.000,0.20055,-0.06536,0.02000,81.416
184,0,0.33120,0.12271,0.02000,11.701,0.25015,-0.02957,0.02500,0.000,0.18796,0.06351,0.02000,15.858
185,0,0.21062,0.09513,0.02000,79.853,0.23947,-0.02783,0.02500,0.000,0.33984,0.11493,0.02000,13.966
186,0,0.23782,0.14987,0.02000,16.711,0.29566,-0.13979,0.02500,0.000,0.26338,-0.02348,0.02000,83.197
187,0,0.33817,0.14726,0.02000,21.989,0.21187,-0.14694,0.02500,0.000,0.24258,0.11044,0.02000,72.133
188,0,0.23166,-0.13147,0.02000,0.617,0.30340,0.09132,0.02500,0.000,0.18366,0.00441,0.02000,10.910
189,0,0.27128,0.06919,0.02000,32.541,0.32244,-0.14116,0.02500,0.000,0.19530,-0.11310,0.02000,2.822
190,0,0.32160,-0.11877,0.02000,28.804,0.18743,0.13929,0.02500,0.000,0.28267,0.09772,0.02000,69.260
191,0,0.24460,-0.00630,0.02000,63.300,0.30249,-0.11108,0.02500,0.000,0.23682,0.10762,0.02000,16.279
192,0,0.23533,-0.02170,0.02000,20.506,0.23253,-0.13135,0.02500,0.000,0.24465,0.08154,0.02000,26.303
193,0,0.27660,-0.13554,0.02000,87.419,0.18805,-0.02406,0.02500,0.000,0.32029,0.14579,0.02000,30.493
194,0,0.32487,0.08795,0.02000,53.178,0.28451,-0.03477,0.02500,0.000,0.22540,0.05222,0.02000,38.461
195,0,0.28020,0.04251,0.02000,78.092,0.23729,0.14169,0.02500,0.000,0.21521,-0.07175,0.02000,77.853
196,0,0.26406,0.14973,0.02000,26.290,0.26596,-0.08818,0.02500,0.000,0.28946,0.05030,0.02000,12.170
197,0,0.30125,0.06465,0.02000,30.300,0.21838,-0.03846,0.02500,0.000,0.21991,0.13961,0.02000,59.248
198,0,0.20388,-0.05158,0.02000,24.541,0.30289,-0.14106,0.02500,0.000,0.27880,0.11123,0.02000,4.656
199,0,0.33261,0.05398,0.02000,31.693,0.20629,0.06695,0.02500,0.000,0.26504,-0.06698,0.02000,63.927
200,0,0.20998,-0.01371,0.02000,32.249,0.27172,0.11014,0.02500,0.000,0.24912,-0.13704,0.02000,13.029
201,0,0.26950,-0.06043,0.02000,26.383,0.23452,0.11122,0.02500,0.000,0.18801,-0.14993,0.02000,38.124
202,0,0.20406,-0.07841,0.02000,36.464,0.30504,-0.05211,0.02500,0.000,0.30010,0.04915,0.02000,8.071
203,0,0.23424,-0.13924,0.02000,32.264,0.30777,0.14909,0.02500,0.000,0.27362,0.01226,0.02000,2.815
204,0,0.25029,0.11333,0.02000,6.425,0.26910,-0.10305,0.02500,0.000,0.31273,0.01084,0.02000,79.447
205,0,0.27325,0.05735,0.02000,0.053,0.19363,-0.00569,0.02500,0.000,0.22869,-0.13698,0.02000,39.696
206,0,0.19391,-0.11190,0.02000,67.768,0.18234,0.07518,0.02500,0.000,0.28722,0.04286,0.02000,71.879
207,0,0.33511,-0.07454,0.02000,36.556,0.18063,0.07925,0.02500,0.000,0.28645,0.06174,0.02000,61.908
208,0,0.28941,-0.08518,0.02000,20.591,0.30365,0.07817,0.02500,0.000,0.18937,-0.04061,0.02000,50.773
209,0,0.29527,0.13445,0.02000,64.946,0.20243,-0.13688,0.02500,0.000,0.27562,-0.06648,0.02000,31.812
210,0,0.18554,-0.12714,0.02000,67.995,0.29928,0.13267,0.02500,0.000,0.31080,-0.11472,0.02000,41.228
211,0,0.20173,-0.00560,0.02000,75.103,0.31655,-0.01688,0.02500,0.000,0.29750,0.14965,0.02000,23.720
212,0,0.27114,0.00148,0.02000,73.131,0.23405,-0.09599,0.02500,0.000,0.25543,0.12729,0.02000,53.780
213,0,0.30219,0.10337,0.02000,59.383,0.26187,-0.11387,0.02500,0.000,0.22187,-0.00379,0.02000,84.220
214,0,0.33505,0.13368,0.02000,25.172,0.31680,-0.12454,0.02500,0.000,0.25265,0.02322,0.02000,88.152
215,0,0.31770,-0.04304,0.02000,80.695,0.21479,-0.13462,0.02500,0.000,0.26737,0.09609,0.02000,86.023
216,0,0.31906,0.09074,0.02000,40.740,0.21065,0.03104,0.02500,0.000,0.21505,-0.14102,0.02000,31.390
217,0,0.19295,0.08592,0.02000,16.995,0.32467,-0.11303,0.02500,0.000,0.23147,-0.05438,0.02000,89.788
218,0,0.24842,0.12308,0.02000,21.188,0.23508,-0.01229,0.02500,0.000,0.33099,0.03056,0.02000,40.748
219,0,0.23692,0.02235,0.02000,20.410,0.18675,-0.14374,0.02500,0.000,0.32846,0.09753,0.02000,73.802
220,0,0.19359,0.09045,0.02000,52.210,0.31476,0.10044,0.02500,0.000,0.23507,-0.05250,0.02000,76.593
221,0,0.22225,0.13406,0.02000,0.104,0.31805,0.03707,0.02500,0.000,0.26462,-0.10162,0.02000,74.590
222,0,0.21267,0.09554,0.02000,69.858,0.33741,-0.06217,0.02500,0.000,0.24262,-0.01897,0.02000,29.308
223,0,0.20566,0.00481,0.02000,30.402,0.30729,0.04303,0.02500,0.000,0.18684,0.11777,0.02000,32.479
224,0,0.26270,-0.00263,0.02000,39.062,0.28412,0.10415,0.02500,0.000,0.21989,-0.09653,0.02000,4.655
225,0,0.18005,-0.03427,0.02000,29.858,0.32428,0.12172,0.02500,0.000,0.30515,-0.12165,0.02000,54.886
226,0,0.33874,-0.14550,0.02000,29.857,0.19247,0.04547,0.02500,0.000,0.24710,-0.06735,0.02000,10.856
227,0,0.32966,-0.07163,0.02000,7.198,0.29113,0.13015,0.02500,0.000,0.22627,-0.03846,0.02000,44.006
228,0,0.20107,0.11326,0.02000,41.925,0.19143,-0.07998,0.02500,0.000,0.30023,0.06328,0.02000,17.232
229,0,0.19544,0.04257,0.02000,4.939,0.20145,-0.07417,0.02500,0.000,0.31452,0.05459,0.02000,69.211
230,0,0.20235,0.06877,0.02000,11.012,0.31233,0.07123,0.02500,0.000,0.22970,-0.14707,0.02000,6.695
231,0,0.18823,0.06132,0.02000,45.514,0.27505,-0.00717,0.02500,0.000,0.33963,0.13209,0.02000,7.286
232,0,0.20174,-0.09207,0.02000,64.191,0.32823,-0.04320,0.02500,0.000,0.21008,0.06853,0.02000,23.165
233,0,0.29858,0.13792,0.02000,20.593,0.27858,-0.11095,0.02500,0.000,0.18755,0.02041,0.02000,72.217
234,0,0.29842,0.05863,0.02000,69.752,0.31968,-0.09396,0.02500,0.000,0.21888,-0.00321,0.02000,28.786
235,0,0.31765,0.07566,0.02000,0.973,0.18235,-0.12119,0.02500,0.000,0.33337,-0.07645,0.02000,85.676
236,0,0.19810,-0.12661,0.02000,76.416,0.33894,0.09920,0.02500,0.000,0.19376,0.00959,0.02000,71.189
237,0,0.20461,0.00503,0.02000,50.888,0.30575,0.06744,0.02500,0.000,0.21604,-0.12355,0.02000,30.537
238,0,0.23464,-0.05285,0.02000,10.617,0.18629,0.09022,0.02500,0.000,0.32659,-0.12232,0.02000,15.546
239,0,0.31818,0.00057,0.02000,25.650,0.22476,-0.04948,0.02500,0.000,0.33962,0.13764,0.02000,7.800
240,0,0.27304,0.12574,0.02000,77.897,0.21649,-0.07832,0.02500,0.000,0.24880,0.01789,0.02000,61.030
241,0,0.33938,0.13167,0.02000,79.416,0.19427,0.05019,0.02500,0.000,0.29745,-0.06787,0.02000,83.152
242,0,0.25134,-0.13304,0.02000,88.121,0.32572,0.04935,0.02500,0.000,0.22080,0.09340,0.02000,82.177
243,0,0.21983,0.08999,0.02000,5.193,0.33773,-0.11311,0.02500,0.000,0.19108,-0.05382,0.02000,19.847
244,0,0.33734,0.11933,0.02000,36.263,0.18502,0.13368,0.02500,0.000,0.23933,0.02964,0.02000,47.268
245,0,0.29025,0.11013,0.02000,75.895,0.19531,-0.08447,0.02500,0.000,0.28482,0.00058,0.02000,1.710
246,0,0.28918,0.00803,0.02000,81.768,0.23386,-0.11113,0.02500,0.000,0.31701,0.11637,0.02000,68.868
247,0,0.20382,0.05575,0.02000,45.592,0.29191,0.12331,0.02500,0.000,0.31481,-0.02527,0.02000,57.303
248,0,0.31608,0.03476,0.02000,31.819,0.33377,-0.07625,0.02500,0.000,0.19525,0.01441,0.02000,79.605
249,0,0.33754,0.05932,0.02000,80.534,0.21512,-0.02772,0.02500,0.000,0.18060,-0.13764,0.02000,51.501
