step,epoch,train_loss,val_loss
100,1,4.817437176704407,3.842810969001855
200,1,3.793914828300476,3.2460607929986596
300,1,3.4876090121269225,3.067003234329307
400,1,3.3507254099845887,2.9688331820483955
500,2,3.2170506954193114,2.916032764170807
600,2,3.1681724309921266,2.8299608349781487
700,2,3.116861402988434,2.800256620550729
800,2,3.055004844665527,2.7430855395402447
900,2,3.0112671971321108,2.731684345991197
1000,3,2.9528220733006796,2.7110078935231328
1100,3,2.9482575345039366,2.7022091216769857
1200,3,2.9285510540008546,2.688174940872669
1300,3,2.9045071363449098,2.6689700586798413
1400,3,2.8835610246658323,2.6506161085983084
1500,4,2.856190978156196,2.658137106444757
1600,4,2.850958924293518,2.634985218232841
1700,4,2.832883257865906,2.6357687418022446
1800,4,2.819389567375183,2.629359020700382
1900,4,2.810550158023834,2.611614222937013
2000,5,2.7808266043663026,2.616273015276601
2100,5,2.797428331375122,2.618283668880704
2200,5,2.7605845737457275,2.602236089362258
2300,5,2.7659724140167237,2.584156166630003
2400,5,2.7524605274200438,2.5825844773499784
2500,6,2.745736249287923,2.5876444763102544
2600,6,2.7396460723876954,2.590204338825526
2700,6,2.7316154217720032,2.582559918858189
2800,6,2.722025032043457,2.595261497695713
2900,6,2.708073992729187,2.5773429576725984
3000,7,2.71333110332489,2.5803304377095326
3100,7,2.7011635303497314,2.5451972193316434
3200,7,2.6948501873016357,2.5650401977314985
3300,7,2.6921996426582337,2.5517442110943955
3400,8,2.6392708301544188,2.560424508908413
3500,8,2.6707555270195007,2.5431830408125813
3600,8,2.6714743614196776,2.532087984243011
3700,8,2.6709100008010864,2.545675547900302
3800,8,2.653975524902344,2.541595902597135
3900,9,2.6499791264534,2.533580720135987
4000,9,2.644182069301605,2.5453560328114837
4100,9,2.635190486907959,2.5239781630894034
4200,9,2.6358519220352172,2.5297702747738895
4300,9,2.6285798859596254,2.532625817969486
4400,10,2.6274425165993827,2.543516155481897
4500,10,2.615160114765167,2.5350254558991723
4600,10,2.6227260208129883,2.522528428842157
4700,10,2.6107996344566344,2.5353626445799464
4800,10,2.604516899585724,2.5242476831691523
4900,11,2.607099862098694,2.534069322679326
5000,11,2.5978987860679625,2.540045825601872
5100,11,2.587352113723755,2.5011829687382834
5200,11,2.5925395250320435,2.5231677998306044
5300,11,2.5935489559173583,2.5040264676798323
5400,12,2.581762691644522,2.530936716087459
5500,12,2.580551025867462,2.5271625378004856
5600,12,2.563912932872772,2.5141734376659133
5700,12,2.579684462547302,2.5048701409305787
5800,12,2.5831919503211975,2.5112718079839156
5900,13,2.5558854937553406,2.5242059778709036
6000,13,2.5643575286865232,2.500897721524649
6100,13,2.5577051305770873,2.5089292332560285
6200,13,2.563464241027832,2.520089176553727
6300,13,2.5558447146415713,2.5146523950398296
6400,14,2.544323828345851,2.5284638348230626
6500,14,2.5604313373565675,2.4997705423986516
6600,14,2.550724244117737,2.5246829488206295
6700,14,2.538617556095123,2.51018213268519
6800,15,2.5456271409988402,2.519143382975169
6900,15,2.523456335067749,2.525878540520891
7000,15,2.541850233078003,2.4989661730894577
7100,15,2.5392610836029053,2.501470496143853
7200,15,2.5302895855903627,2.4735244008791186
7300,16,2.5077862453460695,2.4932300499539286
7400,16,2.512292597293854,2.5053203825167687
7500,16,2.5251822662353516,2.4960121620895155
7600,16,2.521299865245819,2.5075672953003294
7700,16,2.530878200531006,2.486282662551229
7800,17,2.5115446031093596,2.5104261157177814
7900,17,2.519685218334198,2.5081478284497014
8000,17,2.5228592324256898,2.504212568819737
8100,17,2.5057439756393434,2.5001065981721453
8200,17,2.510754599571228,2.5190725601049087
8300,18,2.5057679609818893,2.5034913680754944
8400,18,2.507259964942932,2.52208751407457
8500,18,2.4980364441871643,2.5172710365437845
8600,18,2.503431797027588,2.5246515959766653
8700,18,2.5151363253593444,2.487445309318205
8800,19,2.500834308351789,2.5060298303164013
8900,19,2.4955126523971556,2.48858941716899
9000,19,2.491855001449585,2.5343389656744493
9100,19,2.494622790813446,2.5276124646115763
9200,19,2.4895339131355287,2.49095007569096
